{
    "Message": null,
    "Result": {
        "A0D0Gap": 3.87485,
        "ActualA0": 79.17768,
        "ActualA14": 92.41137,
        "ActualA60": 98.561,
        "ActualB0_Inbound": 74.80200,
        "ActualB0_Outbound": 74.31200,
        "ActualCD0": 90.268,
        "ActualCF_Inbound": 99.80000,
        "ActualCF_Outbound": 99.90000,
        "ActualD0": 83.05253,
        "ActualD5": 88.50347,
        "ActualD60": 98.167,
        "ActualDOTA14": 0,
        "ActualRS0": 88.34951,
        "ActualT0": 88.05200,
        "Arrived": null,
        "DelayedArrivals": null,
        "ScheduledArrivals": 6124,
        "ScheduledDepartures": 6129,
        "TargetA0": 0,
        "TargetA14": 79.21615,
        "TargetA60": 0,
        "TargetB0": 0,
        "TargetCD0": 0,
        "TargetCF": 97.75699,
        "TargetD0": 68.68834,
        "TargetD60": 94.35278,
        "TargetDOTA14": 0,
        "TargetRS0": 82.33402,
        "TargetSubD0": 0,
        "TargetSubD60": 0,
        "TargetSubRS0": 0,
        "TargetT0": 75.81663
    },
    "Status": true
}